xG,xA,Goals
2.68,2.0,60
1.62,1.09,39
3.88,2.52,82
2.17,1.13,32
2.75,2.1,60
3.1,1.8,66
2.65,1.55,44
3.39,2.36,39
3.35,2.17,64
3.1,2.3200000000000003,34
3.7,2.32,56
3.16,2.55,70
2.99,1.6700000000000002,26
3.87,2.72,65
3.67,1.33,19
2.4699999999999998,1.78,45
